experiment_id,condition,n,mean_kill_rate,sd_kill_rate,mean_survival,sd_survival,mean_kills,mean_damage,mean_ammo_eff,mean_latency_p99
DOE-005,memory=0.7_strength=0.7,30,8.026649502008954,3.672693067274563,8.548571428571426,1.163227328787336,1.1666666666666667,116.66666666666667,0.06222833395198452,0.0018417333333333337
DOE-005,memory=0.7_strength=0.9,30,9.317015930618282,3.9420623766734946,8.293333333333335,1.4045855000424117,1.3,130.0,0.0687372217852094,0.001604033333333334
DOE-005,memory=0.8_strength=0.8,30,7.966305363844033,4.7753631348012995,8.497142857142858,1.1492579376180283,1.1333333333333333,113.33333333333333,0.059895008809061845,0.001573733333333334
DOE-005,memory=0.9_strength=0.7,30,7.602563678201543,3.431137922530061,8.592380952380953,1.3498702381577077,1.1,110.0,0.05978968534743201,0.001859700000000001
DOE-005,memory=0.9_strength=0.9,30,8.50988982112815,3.883905556768559,8.497142857142858,1.5087378621431626,1.2333333333333334,123.33333333333333,0.06354862906047454,0.0017554666666666674
DOE-006,memory=0.3_strength=0.3,30,6.8339924801531815,5.28776578827839,8.455238095238096,1.7775190600704993,1.0333333333333334,103.33333333333333,0.05902005540213914,0.0019485000000000008
DOE-006,memory=0.3_strength=0.7,30,9.447884284570698,4.258184757003281,8.356190476190475,1.7496312402601313,1.3333333333333333,133.33333333333334,0.07424597127046986,0.001700000000000001
DOE-006,memory=0.5_strength=0.5,30,7.394115969183806,3.4663596849480993,8.767619047619046,1.1770915224669933,1.1,110.0,0.061440690702536174,0.0015819333333333342
DOE-006,memory=0.7_strength=0.3,30,7.733154906865788,4.929692921478418,8.36952380952381,1.5244465006926546,1.1333333333333333,113.33333333333333,0.06803029734009677,0.001738900000000001
DOE-006,memory=0.7_strength=0.7,30,7.902137108104948,4.467967142015296,8.354285714285716,1.5866721466817253,1.1333333333333333,113.33333333333333,0.062153869472485704,0.0015542666666666673
DOE-007,action_strategy=L0_memory,30,8.660562860466827,2.907150630222865,8.862857142857143,1.447974634402109,1.2666666666666666,126.66666666666667,0.07198755797927961,0.0014000000000000004
DOE-007,action_strategy=L0_only,30,9.07592601706127,2.750426565339564,8.607619047619048,1.459525403342669,1.3,130.0,0.07018664599933948,0.000303
DOE-007,action_strategy=L0_strength,30,8.255505917902205,4.164394409498609,8.647619047619047,1.3978033099694254,1.2,120.0,0.0665716790662611,0.0009556666666666672
DOE-007,action_strategy=full_agent,30,6.735849990470254,3.9702959783756526,8.683809523809522,1.6081063705462155,1.0,100.0,0.05611817597034315,0.001720833333333334
DOE-007,action_strategy=random,30,8.53865535528072,5.2466502226688645,8.855238095238095,1.4120011070947438,1.3,130.0,0.07558666608589208,0.0010041333333333337
DOE-008,action_strategy=L0_memory,30,43.34500179826625,6.591300034454952,20.210476190476193,6.679064872931226,14.366666666666667,1436.6666666666667,0.0,0.0019096666666666672
DOE-008,action_strategy=L0_only,30,36.78155160224046,4.874376616012843,15.418095238095239,4.907478865506017,9.366666666666667,936.6666666666666,0.0,0.0003054333333333333
DOE-008,action_strategy=L0_strength,30,42.21899976767194,5.896820283101668,21.513333333333332,7.977401167826941,14.933333333333334,1493.3333333333333,0.0,0.0010722333333333333
DOE-008,action_strategy=full_agent,30,42.387784627132206,7.511668624144033,17.12952380952381,5.618155616488511,11.9,1190.0,0.0,0.0018626000000000005
DOE-008,action_strategy=random,30,42.50628197230024,6.416417473569564,20.46,6.406143031753145,14.3,1430.0,0.0,0.0010709333333333338
DOE-009,m0.1_s0.1,30,40.83860650768443,6.7553919737177965,18.138095238095232,5.344408948970879,12.466666666666667,1246.6666666666667,0.0,0.0016763666666666677
DOE-009,m0.1_s0.5,30,43.68838030137331,6.81199863248192,20.00857142857143,6.3884490678025365,14.366666666666667,1436.6666666666667,0.0,0.0018596333333333339
DOE-009,m0.1_s0.9,30,42.34654880149558,5.627131975390641,17.80666666666667,5.233985639716014,12.6,1260.0,0.0,0.0017805000000000006
DOE-009,m0.5_s0.1,30,41.34611391913858,6.662288585731418,19.08952380952381,6.807247589984429,13.033333333333333,1303.3333333333333,0.0,0.0020194333333333333
DOE-009,m0.5_s0.5,30,43.576102543847234,8.110887791692777,19.901904761904767,5.886425340057602,14.4,1440.0,0.0,0.0015292666666666672
DOE-009,m0.5_s0.9,30,43.965534051686326,4.054827158729183,19.253333333333334,6.207301928535156,14.066666666666666,1406.6666666666667,0.0,0.0014973000000000005
DOE-009,m0.9_s0.1,30,42.45787811303003,7.846102767729504,19.344761904761906,6.864462158282753,13.5,1350.0,0.0,0.0015583333333333339
DOE-009,m0.9_s0.5,30,43.025683138902124,6.303061200582499,19.939999999999998,7.679220982951102,14.066666666666666,1406.6666666666667,0.0,0.0016262333333333342
DOE-009,m0.9_s0.9,30,43.34237723709955,5.814924681513523,18.60952380952381,6.09908027506901,13.4,1340.0,0.0,0.0014694333333333338
DOE-010,strategy=L0_only,30,38.99622475575237,4.597957288271537,12.951428571428568,3.022981643259194,8.4,840.0,0.0,0.00029456666666666676
DOE-010,strategy=burst_3,30,44.55310171617057,6.39418813986839,17.83047619047619,5.499356668066594,13.066666666666666,1306.6666666666667,0.0,0.0010500000000000004
DOE-010,strategy=burst_5,30,43.363049809780186,6.039956285853424,16.911428571428573,5.980118832651988,11.966666666666667,1196.6666666666667,0.0,0.0010471666666666672
DOE-010,strategy=random,30,42.16114017315577,6.742548025977869,18.297142857142852,7.3314515317418625,12.833333333333334,1283.3333333333333,0.0,0.0012430666666666673
DOE-010,strategy=sweep_lr,30,39.94452282196274,4.354975880466901,12.917142857142856,2.748397012173382,8.566666666666666,856.6666666666666,0.0,0.0006305666666666669
DOE-021,G01_burst_3_base,30,44.505840793121095,5.7030453029460695,20.04857142857143,5.177247631036717,14.866666666666667,1486.6666666666667,0.0,0.0010445333333333336
DOE-021,G02_burst_3_sweep,30,39.08198437214495,4.0387761802733255,15.902857142857146,4.706780710707804,10.3,1030.0,0.0,0.0006653000000000001
DOE-021,G03_adaptive_base,30,43.15557621965544,5.994880521156374,19.893333333333327,5.993578235160523,14.3,1430.0,0.0,0.0011820333333333337
DOE-021,G04_adaptive_tuned,30,38.23907296544164,3.860707697919908,15.507619047619047,4.238476505423607,9.8,980.0,0.0,0.001527766666666667
DOE-021,G05_crossover_A,30,42.801081514271644,6.598558694903593,19.545714285714283,6.148742054511678,14.0,1400.0,0.0,0.0011611000000000006
DOE-021,G06_crossover_B,30,38.4410199746973,3.9691063998598044,15.30285714285714,3.573548927223029,9.733333333333333,973.3333333333334,0.0,0.0008222
DOE-021,G07_burst_2,30,41.411483880562294,5.839859008117642,20.065714285714282,5.944027688813074,13.733333333333333,1373.3333333333333,0.0,0.001106966666666667
DOE-021,G08_burst_5,30,44.56984202494885,6.101962237458346,18.679047619047612,4.370489504939283,13.666666666666666,1366.6666666666667,0.0,0.003055566666666668
DOE-021,G09_aggressive,30,44.10486908105682,4.569214271470325,19.258095238095233,6.608111294578719,14.233333333333333,1423.3333333333333,0.0,0.0010777333333333338
DOE-021,G10_random_baseline,30,43.492037214955964,7.217205562963825,19.753333333333334,6.154489997265149,14.1,1410.0,0.0,0.0011000000000000003
DOE-021_gen2,gen2_G01_elite,30,44.96325595531244,6.036998979974547,19.575238095238095,5.024739546130809,14.433333333333334,1443.3333333333333,0.0,0.0014875000000000003
DOE-021_gen2,gen2_G02_x12a,30,41.67686670803927,7.2455167048707505,18.304761904761904,7.390323411824606,12.466666666666667,1246.6666666666667,0.0,0.001637533333333334
DOE-021_gen2,gen2_G03_x12b,30,34.83095044761287,4.990191752063262,13.061904761904763,5.5609024390950665,7.4,740.0,0.0,0.0013097333333333336
DOE-021_gen2,gen2_G04_x13,30,44.96325595531244,6.036998979974547,19.575238095238095,5.024739546130809,14.433333333333334,1443.3333333333333,0.0,0.0014875333333333337
DOE-021_gen2,gen2_G05_x24,30,43.26099325000999,6.426921956093092,18.60380952380952,6.722838000861807,13.266666666666667,1326.6666666666667,0.0,0.0015083666666666673
DOE-021_gen2,gen2_G06_x14,30,41.72497540447092,5.7936062740483845,17.20190476190476,4.983253776714902,11.933333333333334,1193.3333333333333,0.0,0.0014737000000000005
DOE-021_gen2,gen2_G07_x34,30,39.60337894713768,7.657314198046772,19.04380952380952,6.19032289819046,12.366666666666667,1236.6666666666667,0.0,0.004036100000000001
DOE-021_gen2,gen2_G08_mut2,30,42.06519233014186,6.349186792874447,18.74666666666667,6.017603701182091,13.2,1320.0,0.0,0.0012626000000000004
DOE-021_gen2,gen2_G09_mut3,30,43.82844935133802,5.812199260473233,19.570476190476192,5.065424091740131,14.3,1430.0,0.0,0.004105666666666668
DOE-021_gen2,gen2_G10_random,30,42.65723390139763,5.29748905216905,18.945714285714285,5.388012079897142,13.366666666666667,1336.6666666666667,0.0,0.0019207666666666674
DOE-022,L0_L1,30,45.20061723557543,4.60649612048221,19.702857142857145,5.194142752209526,14.733333333333333,1473.3333333333333,0.0,0.0012083666666666672
DOE-022,L0_L1_L2_good,30,39.770386549798104,4.788826085723092,14.633333333333335,4.038778135706741,9.566666666666666,956.6666666666666,0.0,6.250290299999999
DOE-022,L0_L1_L2_random,30,39.770386549798104,4.788826085723092,14.633333333333335,4.038778135706741,9.566666666666666,956.6666666666666,0.0,0.7004721666666668
DOE-022,L0_only,30,37.03234892241254,4.883847858010545,14.998095238095239,4.031536018044494,9.133333333333333,913.3333333333334,0.0,0.00035293333333333336
DOE-023,skill_easy_L0_only,30,35.39707170388327,2.577852036426355,26.630476190476195,5.6673537412391015,15.633333333333333,1563.3333333333333,0.0,0.0003277
DOE-023,skill_easy_adaptive_kill,30,40.11704909653288,5.053947517883946,34.643809523809516,9.411471980103737,22.933333333333334,2293.3333333333335,0.0,0.0011736666666666668
DOE-023,skill_easy_burst_3,30,37.28282402084584,6.129886026694878,32.05714285714285,9.13076478656713,19.733333333333334,1973.3333333333333,0.0,0.0009667333333333338
DOE-023,skill_easy_random,30,36.86108240529151,4.5809022331706135,33.2152380952381,10.389931068345593,20.466666666666665,2046.6666666666667,0.0,0.0010292000000000003
DOE-023,skill_nightmare_L0_only,30,55.298383918998326,6.555267270044746,3.8714285714285714,0.6187658825860538,3.566666666666667,356.6666666666667,0.0,0.0003182666666666667
DOE-023,skill_nightmare_adaptive_kill,30,59.776372850292454,8.422662614899023,3.8828571428571435,0.5255659460881611,3.8666666666666667,386.6666666666667,0.0,0.0011875666666666671
DOE-023,skill_nightmare_burst_3,30,64.31575843722047,10.388600335926792,4.439047619047619,1.099714845857929,4.766666666666667,476.6666666666667,0.0,0.001191833333333334
DOE-023,skill_nightmare_random,30,63.43628176888644,12.34820553470421,4.648571428571429,1.3177540443204916,4.966666666666667,496.6666666666667,0.0,0.0013945666666666675
DOE-023,skill_normal_L0_only,30,39.20477062434857,4.59061231336403,14.840952380952382,3.7919035442449758,9.566666666666666,956.6666666666666,0.0,0.0003391
DOE-023,skill_normal_adaptive_kill,30,46.05838914662229,5.368797599981781,17.610476190476195,6.35064308593807,13.433333333333334,1343.3333333333333,0.0,0.001049966666666667
DOE-023,skill_normal_burst_3,30,41.031609928546445,6.351338467176474,17.836190476190477,5.6824380160490735,12.166666666666666,1216.6666666666667,0.0,0.0009625666666666673
DOE-023,skill_normal_random,30,44.02331700207562,6.313760090236404,19.072380952380957,5.772792763385704,13.733333333333333,1373.3333333333333,0.0,0.0010500000000000002
DOE-024,skill_easy_L2_meta_select,30,41.79397604197123,3.8390122181186084,34.61523809523809,7.722053135090357,24.0,2400.0,0.0,0.40439716666666664
DOE-024,skill_easy_fixed_adaptive_kill,30,41.20180636265695,3.907117547938182,34.39714285714285,9.978011998098683,23.4,2340.0,0.0,0.0010138666666666672
DOE-024,skill_easy_fixed_burst3,30,39.342926322985804,5.891467607290885,33.68,7.154954878288529,22.0,2200.0,0.0,0.0008972333333333338
DOE-024,skill_easy_random_select,30,38.32412056098115,4.626011158087667,34.36000000000001,7.419583801404643,21.833333333333332,2183.3333333333335,0.0,0.001699900000000001
DOE-024,skill_nightmare_L2_meta_select,30,60.59568061070037,9.579195455056823,4.640952380952382,1.0910597817432166,4.7,470.0,0.0,0.4646194333333333
DOE-024,skill_nightmare_fixed_adaptive_kill,30,60.8926401330642,9.968073291032756,4.084761904761905,0.6461266974247617,4.133333333333334,413.3333333333333,0.0,0.0012583000000000006
DOE-024,skill_nightmare_fixed_burst3,30,64.20135434945105,9.85279376434526,4.744761904761905,1.2353446773949759,5.066666666666666,506.6666666666667,0.0,0.0010362000000000004
DOE-024,skill_nightmare_random_select,30,64.34679665099969,11.43313845096395,4.397142857142856,0.942822808749396,4.7,470.0,0.0,0.0017847333333333342
DOE-024,skill_normal_L2_meta_select,30,47.33198733663768,5.656820291342486,18.102857142857143,5.557370669156262,14.066666666666666,1406.6666666666667,0.0,0.43187640000000005
DOE-024,skill_normal_fixed_adaptive_kill,30,46.83907943086818,6.159881127745196,17.76666666666667,6.250663957226414,13.6,1360.0,0.0,0.0010472333333333337
DOE-024,skill_normal_fixed_burst3,30,44.51043641666187,7.0519583567278605,18.74095238095238,5.067010124536767,13.733333333333333,1373.3333333333333,0.0,0.0009694666666666672
DOE-024,skill_normal_random_select,30,41.865184293002045,5.3969382097614425,19.143809523809523,4.508972887489709,13.266666666666667,1326.6666666666667,0.0,0.0017999333333333341
DOE-025,adaptive_5,30,42.842821841922934,5.948270811894349,22.016190476190477,7.692487660609696,15.533333333333333,1553.3333333333333,0.0,0.0012639666666666674
DOE-025,dodge_burst_3,30,39.54151765829124,3.8417970131807015,26.749523809523815,9.337677066355583,17.433333333333334,1743.3333333333333,0.0,0.0009666333333333336
DOE-025,random_5,30,41.69544295445386,5.834539376919447,26.34952380952381,9.237069043946605,18.133333333333333,1813.3333333333333,0.0,0.001008266666666667
DOE-025,smart_5,30,39.55137250457681,5.913041676094895,21.253333333333334,7.738374116485331,13.733333333333333,1373.3333333333333,0.0,0.0010000333333333336
DOE-025,strafe_burst_3,30,41.56569698550586,5.5371859386820965,24.87904761904762,5.935637350586909,17.066666666666666,1706.6666666666667,0.0,0.0009931333333333338
DOE-025,survival_burst,30,39.239375522633615,4.738290658007741,30.100952380952382,10.790567813673968,19.633333333333333,1963.3333333333333,0.0,0.0010223000000000005
DOE-026,dodge_burst_3,30,37.01599860722951,4.587141423776114,27.985714285714288,8.339393808436474,17.233333333333334,1723.3333333333333,0.0,0.001000066666666667
DOE-026,l2_meta_5action,30,37.55819148790987,4.641221914970989,26.893333333333327,8.376932682842984,16.566666666666666,1656.6666666666667,0.0,0.44570413333333325
DOE-026,random_5,30,40.49994200932735,5.082500330323943,25.583809523809517,6.842672265603498,17.4,1740.0,0.0,0.0010972333333333338
DOE-026,random_rotation_5,30,39.33018897977786,4.996472353521786,27.014285714285723,5.996704466758948,17.566666666666666,1756.6666666666667,0.0,0.002374966666666667
DOE-026,survival_burst,30,39.4793236684939,4.95025173103856,26.174285714285716,7.264169245037515,16.966666666666665,1696.6666666666667,0.0,0.0009862666666666671
DOE-027,ar_20,30,36.47435737564975,5.117418986850653,26.22095238095238,9.235180214849663,16.0,1600.0,0.0,0.001040366666666667
DOE-027,ar_30,30,41.51442669194361,6.236442542471795,25.65619047619048,9.518193204417145,17.4,1740.0,0.0,0.001019433333333334
DOE-027,ar_40,30,38.18050370044663,5.142201759469644,24.702857142857145,9.679056956174636,15.433333333333334,1543.3333333333333,0.0,0.0010264000000000004
DOE-027,ar_50,30,40.032891762114375,5.316930459098303,24.493333333333332,11.485052387205378,16.133333333333333,1613.3333333333333,0.0,0.0012625000000000004
DOE-027,ar_60,30,40.491909721425415,5.85187864462273,23.0847619047619,8.82469340539788,15.4,1540.0,0.0,0.001056966666666667
DOE-027,ar_70,30,41.12066939636625,6.8527058630471425,22.986666666666665,8.651643486776647,15.433333333333334,1543.3333333333333,0.0,0.0010209333333333337
DOE-027,ar_80,30,41.98843126632763,4.3555586491082074,21.29238095238095,8.12374624838441,14.7,1470.0,0.0,0.0010029333333333337
DOE-028,cycle_10,30,38.40316199299833,6.687943235714347,25.138095238095236,8.220484132417916,15.766666666666667,1576.6666666666667,0.0,0.0009376000000000003
DOE-028,cycle_2,30,37.971416293468614,5.26016205524493,24.077142857142853,9.570006952729926,15.1,1510.0,0.0,0.0009874000000000003
DOE-028,cycle_3,30,38.38758430479695,5.499239471887976,24.716190476190476,7.190101622493112,15.7,1570.0,0.0,0.0010027666666666672
DOE-028,cycle_5,30,37.74381807611455,4.2348587464724305,28.14952380952381,9.091576270913796,17.6,1760.0,0.0,0.0009694333333333336
DOE-028,random_50,30,40.342437435702394,5.315165603848163,23.04095238095238,6.638325943695504,15.533333333333333,1553.3333333333333,0.0,0.0010722333333333333
DOE-029,attack_ovr,30,37.58511340748728,6.195930414108686,16.874285714285715,7.4151132353290174,10.0,1000.0,0.0,0.001072266666666667
DOE-029,attack_raw,30,44.03197474453667,4.0015780064206705,13.662857142857142,3.869346867295705,9.9,990.0,0.0,0.0004821333333333334
DOE-029,rand50_ovr,30,41.11260624081827,5.00750697902596,23.73428571428571,8.835218853463653,16.133333333333333,1613.3333333333333,0.0,0.0016250666666666675
DOE-029,rand50_raw,30,43.288333487206536,5.167140276626174,25.098095238095237,9.989660195120791,17.866666666666667,1786.6666666666667,0.0,0.0010626000000000006
DOE-030,move_sk1,30,36.247754559838874,4.934190469516807,41.440000000000005,11.925059451739257,24.666666666666668,2466.6666666666665,0.0,0.001197333333333334
DOE-030,move_sk2,30,40.26425822168312,5.72161554046377,24.184761904761903,5.991158079610447,16.1,1610.0,0.0,0.001031966666666667
DOE-030,move_sk3,30,40.26425822168312,5.72161554046377,24.184761904761903,5.991158079610447,16.1,1610.0,0.0,0.0010778000000000005
DOE-030,move_sk4,30,40.26425822168312,5.72161554046377,24.184761904761903,5.991158079610447,16.1,1610.0,0.0,0.001027866666666667
DOE-030,move_sk5,30,58.6943020358061,8.693912686204193,5.551428571428572,1.5175473749397375,5.5,550.0,0.0,0.001088766666666667
DOE-030,stat_sk1,30,39.337376738359815,2.1313737521264655,29.741904761904767,6.429757890877679,19.366666666666667,1936.6666666666667,0.0,0.0004445000000000002
DOE-030,stat_sk2,30,42.85999996090395,3.126841966682962,16.01047619047619,3.810275254294387,11.333333333333334,1133.3333333333333,0.0,0.0004751666666666668
DOE-030,stat_sk3,30,42.85999996090395,3.126841966682962,16.01047619047619,3.810275254294387,11.333333333333334,1133.3333333333333,0.0,0.0004502333333333333
DOE-030,stat_sk4,30,42.85999996090395,3.126841966682962,16.01047619047619,3.810275254294387,11.333333333333334,1133.3333333333333,0.0,0.0004598666666666666
DOE-030,stat_sk5,30,59.87369438933967,7.50726465077503,4.17047619047619,0.7202112182692988,4.166666666666667,416.6666666666667,0.0,0.0004710666666666668
DOE-031,action_3,30,42.20395264234948,8.23721977156049,20.054285714285715,7.707467704088725,14.033333333333333,1403.3333333333333,0.0,0.001184733333333334
DOE-031,action_5,30,38.299973239485695,5.816719946463815,26.607619047619046,8.876698365280188,16.733333333333334,1673.3333333333333,0.0,0.0011821000000000006
DOE-031,action_7,30,40.171393936143176,6.4861310229822315,25.41333333333334,9.035885088308225,16.433333333333334,1643.3333333333333,0.0,0.0011292000000000003
DOE-031,action_9,30,28.401146805518042,4.41975618400603,17.61238095238095,5.8364945825754475,8.4,840.0,0.0,0.001527766666666667
DOE-032,cache_ind,100,40.54196647352336,6.073952406756896,26.01228571428571,8.533959716303858,17.45,1745.0,0.0,0.0010405400000000008
DOE-032,cache_seq,100,40.47731475817059,6.270422613223513,26.188857142857145,9.651397229454686,17.33,1733.0,0.0,0.0010800400000000006
DOE-032,nocache_ind,100,40.54196647352336,6.073952406756896,26.01228571428571,8.533959716303858,17.45,1745.0,0.0,0.0011000600000000008
DOE-032,nocache_seq,100,40.47731475817059,6.270422613223513,26.188857142857145,9.651397229454686,17.33,1733.0,0.0,0.001084190000000001
DOE-033,3act_move,30,41.18192958667978,9.09073603460604,17.50666666666667,4.912704140810322,11.766666666666667,1176.6666666666667,0.0,0.001054266666666667
DOE-033,3act_stat,30,43.88903187057363,3.0077142022726924,14.635238095238098,3.801778785372855,10.6,1060.0,0.0,0.000547266666666667
DOE-033,5act_move,30,38.74589867480954,5.708389829354255,24.96952380952382,7.273140636110626,16.0,1600.0,0.0,0.0010265000000000003
DOE-033,5act_stat,30,43.88903187057363,3.0077142022726924,14.635238095238098,3.801778785372855,10.6,1060.0,0.0,0.0004849000000000001
DOE-033,7act_move,30,39.50846179190497,5.081849785437191,27.64857142857143,9.284761300093747,17.866666666666667,1786.6666666666667,0.0,0.0009876333333333337
DOE-033,7act_stat,30,43.88903187057363,3.0077142022726924,14.635238095238098,3.801778785372855,10.6,1060.0,0.0,0.00047529999999999995
DOE-034,L0_memory,30,43.49077675849933,6.80200169693196,17.583809523809524,5.889236515232524,12.533333333333333,1253.3333333333333,0.0,0.0014903000000000008
DOE-034,L0_only,30,42.65305174417019,3.5637958349605707,14.72,5.335697106955286,10.333333333333334,1033.3333333333333,0.0,0.0004348666666666666
DOE-034,L0_strength,30,43.07153130252655,7.428230422008751,18.50190476190476,6.065217609394408,12.9,1290.0,0.0,0.0009584333333333337
DOE-034,full_agent,30,41.23958010373948,6.706927912368081,18.069523809523808,6.549750851645075,12.033333333333333,1203.3333333333333,0.0,0.0016903333333333343
DOE-034,random,30,40.349715151338685,7.387388067064545,18.866666666666667,6.166323985127716,12.4,1240.0,0.0,0.001034733333333334
DOE-035,ar_50,30,35.44338472619334,3.7492046638290226,44.673333333333325,11.542729559196712,26.566666666666666,2656.6666666666665,0.0,0.001095966666666667
DOE-035,attack_raw,30,39.3852754875466,1.9525255169605176,29.05619047619048,7.382134065054986,18.933333333333334,1893.3333333333333,0.0,0.0004543666666666667
DOE-035,burst_3,30,20.83814277456198,4.565752167264913,20.81809523809524,7.426871663561571,7.533333333333333,753.3333333333334,0.0,0.0009790000000000003
DOE-035,random_5,30,33.78504012409373,4.195553853002432,42.777142857142856,13.402182224863935,23.933333333333334,2393.3333333333335,0.0,0.0011194333333333336
DOE-035,survival_burst,30,33.92526914342823,3.6722164725139863,47.43809523809524,10.457585210524185,26.833333333333332,2683.3333333333335,0.0,0.0010513333333333338
DOE-036,ar_20,30,23.42175815428133,65.21953265940861,31.68190476190476,27.474165443755886,0.5333333333333333,53.333333333333336,0.12139751739939471,0.0011528666666666672
DOE-036,ar_40,30,21.782800923843244,64.67134299414519,31.458095238095236,26.329260869796563,0.5666666666666667,56.666666666666664,0.12377353781957363,0.0012293333333333338
DOE-036,ar_60,30,17.30780776000243,64.03078327140739,34.54952380952381,26.33428227058816,0.5,50.0,0.09396331881626001,0.0009263000000000002
DOE-036,ar_80,30,14.987412720388791,63.626680628215844,39.023809523809526,24.34723714999112,0.4666666666666667,46.666666666666664,0.08905687054880601,0.0009444333333333336
DOE-037,move_sk1,30,35.2246227525792,3.7877973662406,43.31428571428571,9.86184081664025,25.433333333333334,2543.3333333333335,0.0,0.0011070000000000006
DOE-037,move_sk5,30,64.19053832315474,9.317797788704036,6.094285714285713,1.796644773443625,6.566666666666666,656.6666666666666,0.0,0.0012432000000000005
DOE-037,stat_sk1,30,39.661346325580254,1.905905059682233,28.18857142857143,5.791865488852195,18.533333333333335,1853.3333333333333,0.0,0.0004652
DOE-037,stat_sk5,30,60.53689364989022,7.129342099988377,4.253333333333334,0.7924603661101928,4.3,430.0,0.0,0.0004556666666666668
DOE-038,sk1,50,35.484051425856016,4.155959560833913,43.803999999999995,8.815292853235025,25.82,2582.0,0.0,0.0011199800000000007
DOE-038,sk5,50,65.0537254592131,8.460804180497092,6.016571428571427,1.8221195396642678,6.52,652.0,0.0,0.001278360000000001
DOE-039,attack_raw,30,0.0,0.0,60.0,0.0,0.0,0.0,0.0,0.0005127666666666666
DOE-039,random,30,3.2717391304347827,12.483427185891541,1.6533333333333335,0.1399172034918561,0.06666666666666667,6.666666666666667,0.0,0.0017291000000000006
DOE-040,sk1,50,35.140617854460885,4.405671192722638,42.39657142857144,10.866196378683217,24.76,2476.0,0.0,0.00277172
DOE-040,sk3,50,38.783085836688855,6.168275703379609,26.673714285714283,8.708209113006632,17.04,1704.0,0.0,0.0018358600000000008
DOE-040,sk5,50,62.49195647634488,8.130389619621528,6.185714285714286,2.1118751524948425,6.48,648.0,0.0,0.003350020000000001
DOE-041,attack_only,30,0.39076442045337223,1.5290844031120392,5.507619047619047,2.3515240789291783,0.06666666666666667,6.666666666666667,0.002948717948717949,0.0004764666666666667
DOE-041,forward_attack,30,1.8805794136050509,4.535990436395518,3.7219047619047627,1.355758865656515,0.16666666666666666,16.666666666666668,0.013897243107769424,0.0005307000000000002
DOE-041,random_7,30,4.320339030798237,6.671575238602568,6.662857142857143,4.7285224648842314,0.5,50.0,0.04908526658526658,0.001722233333333334
DOE-042,ar_50,30,39.67148972974962,4.740355732068689,26.16285714285714,9.786820332301433,17.033333333333335,1703.3333333333333,0.0,0.0012929666666666672
DOE-042,attack_raw,30,43.56589564772797,3.3907904994528386,14.769523809523811,4.724320910928329,10.6,1060.0,0.0,0.00043343333333333337
DOE-042,dodge_burst_3,30,39.78798767682567,4.948426765255027,28.16571428571429,12.417334595306455,18.2,1820.0,0.0,0.0012084333333333339
DOE-042,random_5,30,41.31308712174884,4.5494741229325015,28.21904761904762,9.546444366721847,19.1,1910.0,0.0,0.0016319000000000008
DOE-042,survival_burst,30,38.60981870723791,6.256244744608543,26.110476190476195,12.249615273990393,16.4,1640.0,0.0,0.0012860000000000005
DOE-043,adaptive_aggression_7,30,1.4973008810839554,4.692060534333425,3.5257142857142854,0.9971274717573203,0.1,10.0,0.01638888888888889,0.003191633333333334
DOE-043,burst_advance_7,30,4.35714118360484,8.411218900970248,3.4057142857142866,0.8973618382930997,0.3,30.0,0.15611111111111112,0.001831933333333334
DOE-043,forward_biased_7,30,3.1713878352155405,7.484967087309179,3.620952380952381,1.1227024131181425,0.2,20.0,0.02985042735042735,0.003227800000000001
DOE-043,random_7,30,4.364078378181953,6.135334269233806,6.337142857142859,4.582783926297441,0.4666666666666667,46.666666666666664,0.05182030932030933,0.0025166333333333343
DOE-043,strafe_dodge_7,30,1.6303195106481325,4.390132619028692,3.980952380952381,1.3290736554492364,0.13333333333333333,13.333333333333334,0.01765873015873016,0.003172266666666668
DOE-044,G01,20,44.71397044774326,8.129973563539199,16.978571428571428,4.318340722437158,12.5,1250.0,0.0,0.0011917
DOE-044,G02,20,45.29520687678445,5.962224296907658,24.694285714285716,8.489518906081381,18.25,1825.0,0.0,0.0011000500000000004
DOE-044,G03,20,48.40126863782718,6.143013717879382,16.95285714285714,5.37528477001489,13.55,1355.0,0.0,0.0016416500000000001
DOE-044,G04,20,41.29174698571232,5.4345462968443226,21.831428571428575,7.46837169167596,14.85,1485.0,0.0,0.0013354500000000004
DOE-044,G05,20,41.75273072295781,8.169876459455825,18.958571428571425,4.365379617531074,13.2,1320.0,0.0,0.0013436000000000003
DOE-044,G06,20,44.80828144755391,4.809401531285174,17.487142857142853,4.634318116386359,12.85,1285.0,0.0,0.0015063000000000001
DOE-044,G07,20,29.944072842937327,5.1466889676498315,14.271428571428572,4.926994408260811,7.2,720.0,0.0,0.0012083000000000003
DOE-044,G08,20,44.879256150620456,4.306930782093025,19.56428571428571,7.0003460095548755,14.65,1465.0,0.0,0.0011187500000000004
DOE-044,G09,20,49.225103815809284,5.529584349897727,17.422857142857143,3.9458482715595777,14.15,1415.0,0.0,0.0011687000000000004
DOE-044,G10,20,44.66912504373848,6.739516949965976,25.759999999999998,10.27713259378126,18.65,1865.0,0.0,0.002039450000000001
DOE-044_gen2,gen2_G01,20,43.483597149144074,5.412344685803559,30.171428571428567,7.35398063291588,21.9,2190.0,0.0,0.0017916500000000005
DOE-044_gen2,gen2_G02,20,41.59991942136058,6.224385851886344,20.767142857142854,5.1026016404978325,14.25,1425.0,0.0,0.0015499000000000003
DOE-044_gen2,gen2_G03,20,41.26488079390507,5.251726549124505,24.82,6.140461851587842,17.05,1705.0,0.0,0.0014230500000000001
DOE-044_gen2,gen2_G04,20,39.50028381209712,4.934150286201214,32.379999999999995,12.705535892676307,21.1,2110.0,0.0,0.0015521000000000005
DOE-044_gen2,gen2_G05,20,42.56419494005086,7.259477689431679,24.231428571428573,7.3656146566055565,16.95,1695.0,0.0,0.0013604000000000005
DOE-044_gen2,gen2_G06,20,38.35713505776387,5.715921608822288,32.79142857142857,10.551686911117436,20.65,2065.0,0.0,0.0013645000000000003
DOE-044_gen2,gen2_G07,20,42.51397674278242,4.826360149775297,30.10285714285714,8.226756274315683,21.1,2110.0,0.0,0.0015187500000000001
DOE-044_gen2,gen2_G08,20,43.27966948573577,5.965612670080516,23.12,4.720752911967954,16.65,1665.0,0.0,0.0013438000000000002
DOE-044_gen2,gen2_G09,20,41.875012955508794,7.582557422412717,23.110000000000007,4.723843353221901,15.9,1590.0,0.0,0.0012396500000000001
DOE-044_gen2,gen2_G10,20,46.55612984379636,5.003168603465536,22.977142857142862,7.551121014222231,17.7,1770.0,0.0,0.0020332500000000003
DOE-044_gen3,gen3_G01,20,43.40312826416656,5.303708477277592,22.697142857142858,7.24503993446462,16.2,1620.0,0.0,0.0013729000000000002
DOE-044_gen3,gen3_G02,20,42.649817252310456,4.673913934434534,27.332857142857144,7.634132607307172,19.35,1935.0,0.0,0.0016667000000000001
DOE-044_gen3,gen3_G03,20,46.695784270731494,5.330019626875249,19.722857142857144,6.784959039886118,15.2,1520.0,0.0,0.002327000000000001
DOE-044_gen3,gen3_G04,20,35.50640319028086,6.143635631442892,23.215714285714284,8.310863957539578,13.75,1375.0,0.0,0.0015730000000000002
DOE-044_gen3,gen3_G05,20,43.12845472975444,4.628956608069254,32.33285714285715,8.760198414538557,22.95,2295.0,0.0,0.0024729500000000007
DOE-044_gen3,gen3_G06,20,39.85226433248668,5.590380119615245,30.494285714285713,12.042260351430848,20.2,2020.0,0.0,0.0016123499999999998
DOE-044_gen3,gen3_G07,20,40.55580497282209,5.306539016278264,27.052857142857142,9.118328351329744,18.25,1825.0,0.0,0.0013688500000000002
DOE-044_gen3,gen3_G08,20,39.533919668059,4.949214263689835,26.78571428571429,8.064879237866792,17.6,1760.0,0.0,0.0014375500000000005
DOE-044_gen3,gen3_G09,20,43.109854841010545,6.383260143830058,23.26571428571429,6.814403775714699,16.4,1640.0,0.0,0.0014749000000000001
DOE-044_gen3,gen3_G10,20,42.60943707506301,6.596518911360162,24.86,5.409153240157853,17.65,1765.0,0.0,0.002443700000000001
DOE-044_gen4,gen4_G01,20,41.114766333428975,6.278702199113583,32.06857142857143,9.152816004723714,21.45,2145.0,0.0,0.002564600000000001
DOE-044_gen4,gen4_G02,20,38.92057682964167,6.755661829194839,26.294285714285714,8.956143772751501,17.05,1705.0,0.0,0.002666750000000001
DOE-044_gen4,gen4_G03,20,34.858755597993664,7.754051923176318,26.97,9.36276178649637,15.25,1525.0,0.0,0.0024937000000000006
DOE-044_gen4,gen4_G04,20,41.70390920756977,8.201160836225235,32.64714285714285,11.29352646716015,21.75,2175.0,0.0,0.0023311000000000004
DOE-044_gen4,gen4_G05,20,40.10092105471985,5.755332114798649,34.29285714285714,12.224972680355805,22.65,2265.0,0.0,0.0012790000000000002
DOE-044_gen4,gen4_G06,20,36.646403597898185,5.588577913795194,28.671428571428567,11.468593456714856,17.6,1760.0,0.0,0.0015958
DOE-044_gen4,gen4_G07,20,45.80479227954507,6.3286362044644715,25.50428571428571,8.212522334426124,19.05,1905.0,0.0,0.0014730000000000004
DOE-044_gen4,gen4_G08,20,37.32804529159932,4.274274108277604,29.084285714285716,11.097933251240052,17.85,1785.0,0.0,0.0016519500000000003
DOE-044_gen4,gen4_G09,20,39.023417582936986,4.943938506910825,29.437142857142856,12.443277446005993,19.4,1940.0,0.0,0.0021374000000000002
DOE-044_gen4,gen4_G10,20,39.72205572638513,6.585731265992272,19.575714285714287,5.804196970336368,12.8,1280.0,0.0,0.0015729500000000005
DOE-044_gen5,gen5_G01,20,38.37442358673939,5.031119706289325,37.261428571428574,10.896321376908457,23.75,2375.0,0.0,0.00171035
DOE-044_gen5,gen5_G02,20,40.209513242273616,3.960413798237295,33.96571428571428,10.075089080425927,22.6,2260.0,0.0,0.0017582000000000003
DOE-044_gen5,gen5_G03,20,39.88379824261257,5.8109137702197335,31.889999999999997,12.77418272770913,21.1,2110.0,0.0,0.0016041500000000004
DOE-044_gen5,gen5_G04,20,38.572754014841216,5.0599108700878865,39.11142857142857,8.485235296979853,24.95,2495.0,0.0,0.0015854000000000003
DOE-044_gen5,gen5_G05,20,41.66893049715902,3.7640353267090694,36.621428571428574,8.745878268132264,25.25,2525.0,0.0,0.0018104500000000003
DOE-044_gen5,gen5_G06,20,40.65464896388653,6.433640854877955,27.43142857142857,8.207250468810328,18.45,1845.0,0.0,0.0014479500000000004
DOE-044_gen5,gen5_G07,20,40.9143284135324,2.8690314229215224,34.87428571428572,10.571027832274382,23.8,2380.0,0.0,0.00136665
DOE-044_gen5,gen5_G08,20,39.86011796954982,4.199276105089391,31.842857142857145,12.57969140620718,21.15,2115.0,0.0,0.00173315
DOE-044_gen5,gen5_G09,20,44.87559395259636,4.3869342734073395,27.740000000000002,10.00281335290963,20.4,2040.0,0.0,0.0025188500000000004
DOE-044_gen5,gen5_G10,20,47.009060428364876,5.73761650384355,18.591428571428573,5.485299953024529,14.4,1440.0,0.0,0.0023312500000000004
DOE-045,dodge_burst_3_sk1,30,36.58235676581451,3.71945111616191,46.44666666666667,9.72643541384629,28.233333333333334,2823.3333333333335,0.0,0.0017889000000000002
DOE-045,dodge_burst_3_sk3,30,38.07109593106766,5.672481671301493,25.526666666666664,7.629970474958931,16.333333333333332,1633.3333333333333,0.0,0.001236166666666667
DOE-045,dodge_burst_3_sk5,30,57.47835428036909,7.486540090215208,5.751428571428572,1.7007867534106262,5.533333333333333,553.3333333333334,0.0,0.0013958000000000006
DOE-045,random_5_sk1,30,35.500496861265255,4.3004451807986595,45.012380952380944,8.934430576720429,26.4,2640.0,0.0,0.0016375666666666672
DOE-045,random_5_sk3,30,40.85576726598688,5.547915188207011,23.190476190476186,6.116354023051951,15.566666666666666,1556.6666666666667,0.0,0.0016681000000000003
DOE-045,random_5_sk5,30,63.46664952407726,11.061626128713192,5.182857142857143,1.1892930738392682,5.6,560.0,0.0,0.0017529000000000008
DOE-045,survival_burst_sk1,30,35.26011461625493,4.153736259257725,42.69714285714285,12.09454567920963,25.066666666666666,2506.6666666666665,0.0,0.0013792333333333337
DOE-045,survival_burst_sk3,30,39.00566584029501,5.115657653574628,24.797142857142862,7.528289971463675,16.1,1610.0,0.0,0.0015307000000000003
DOE-045,survival_burst_sk5,30,56.28781492440764,9.620036710300157,5.708571428571429,1.7223684656882994,5.366666666666666,536.6666666666666,0.0,0.002843100000000001
